state,year,device_type,e_waste_quantity,lead_content_kg,plastic_content_kg,economic_recovery_potential,informal_collection_rate
Punjab,2018,Television,455132,1673.88,12710.23,1224606,0.31
West Bengal,2018,Monitor,374584,2514.96,12197.11,955363,0.63
Rajasthan,2019,Monitor,379498,2281.1,7133.77,939659,0.33
Kerala,2023,Smartphone,290333,628.29,6322.53,638106,0.2
Uttar Pradesh,2018,Refrigerator,521426,2550.56,10281.54,1295582,0.63
Punjab,2021,Refrigerator,474690,1537.98,12444.71,1230087,0.65
Delhi,2023,Laptop,420110,2235.39,8815.37,1049751,0.63
Karnataka,2023,Monitor,355035,2375.28,7817.64,877319,0.47
Uttar Pradesh,2020,Television,448489,2954.45,14615.74,1024694,0.34
Maharashtra,2023,Smartphone,291426,607.69,14294.85,633438,0.47
West Bengal,2021,Laptop,429141,1751.4,6846.16,1107652,0.47
Punjab,2018,Air Conditioner,498040,2651.95,14335.87,1174804,0.27
Uttar Pradesh,2018,Smartphone,315248,2386.18,14356.13,789653,0.47
West Bengal,2022,Smartphone,279672,1194.9,13663.15,704857,0.29
Uttar Pradesh,2023,Air Conditioner,465734,2231.92,10208.78,1064151,0.56
Delhi,2018,Monitor,371239,741.41,12345.68,935377,0.57
Karnataka,2023,Television,411397,2346.54,7111.73,1043424,0.28
Punjab,2020,Refrigerator,513481,2742.92,5479.24,1271511,0.63
Maharashtra,2022,Television,432160,1301.48,11970.34,1081762,0.52
Delhi,2018,Refrigerator,472550,2592.92,6891.16,1168551,0.4
Tamil Nadu,2022,Smartphone,343079,825.28,6418.68,845854,0.25
Delhi,2022,Laptop,425681,2929.99,5493.38,992045,0.41
Rajasthan,2023,Printer,344143,1117.38,4368.23,756647,0.21
West Bengal,2019,Television,456497,2875.33,9778.98,1160411,0.37
Delhi,2022,Laptop,398259,3344.43,13502.62,956839,0.33
West Bengal,2019,Television,459691,1174.99,9680.26,1174908,0.35
Tamil Nadu,2021,Monitor,408269,3426.26,9998.7,983564,0.37
Gujarat,2019,Refrigerator,486414,1894.65,6574.94,1229906,0.31
Rajasthan,2023,Refrigerator,506082,3254.53,6969.31,1185193,0.61
Uttar Pradesh,2021,Printer,362330,2110.24,12368.76,895582,0.28
Delhi,2020,Printer,362346,1692.06,13087.36,926688,0.23
Gujarat,2023,Laptop,397565,1802.49,8743.15,917166,0.6
Maharashtra,2019,Air Conditioner,465678,2239.03,5705.01,1133659,0.39
Rajasthan,2021,Air Conditioner,497424,1453.57,13965.53,1200276,0.32
Maharashtra,2023,Smartphone,294085,635.88,12290.03,710207,0.62
Uttar Pradesh,2018,Monitor,358926,542.27,10878.7,860930,0.23
Delhi,2020,Printer,353373,1149.17,10013.93,849320,0.45
Maharashtra,2020,Smartphone,272590,1452.15,10629.37,709310,0.42
Gujarat,2018,Air Conditioner,475355,2977.88,9145.08,1172950,0.34
Tamil Nadu,2023,Refrigerator,486388,1621.76,12071.41,1206693,0.37
Maharashtra,2021,Television,488511,759.2,13500.65,1119642,0.59
Tamil Nadu,2023,Air Conditioner,476090,768.27,5096.89,1234909,0.34
Delhi,2019,Monitor,381094,1173.84,8113.64,855032,0.33
Gujarat,2018,Printer,351443,3299.7,11805.51,899017,0.37
West Bengal,2018,Monitor,372024,1946.16,10869.12,912184,0.46
Kerala,2019,Air Conditioner,467551,2374.02,5494.7,1241360,0.46
Tamil Nadu,2022,Laptop,389856,2724.13,11956.73,1017530,0.27
Gujarat,2018,Laptop,400163,1410.16,13342.23,933753,0.3
Uttar Pradesh,2021,Refrigerator,519838,2890.0,5163.32,1245652,0.28
Uttar Pradesh,2023,Monitor,381737,1830.81,12707.23,852054,0.51
Uttar Pradesh,2022,Smartphone,288977,1494.27,4749.81,706712,0.59
Rajasthan,2020,Monitor,399618,3451.05,5433.74,1020389,0.38
Punjab,2020,Monitor,376659,2864.51,9174.44,901438,0.43
Tamil Nadu,2021,Air Conditioner,485605,3281.11,9131.95,1297608,0.43
Rajasthan,2021,Monitor,386697,1136.12,13264.5,950070,0.51
Rajasthan,2019,Air Conditioner,469716,1445.13,8004.55,1156145,0.42
Maharashtra,2021,Monitor,420610,1162.51,12169.5,1028083,0.56
Rajasthan,2020,Refrigerator,489222,2319.68,10459.64,1182840,0.32
Tamil Nadu,2019,Monitor,382785,1484.74,11366.44,908289,0.58
Kerala,2019,Monitor,396459,649.32,5301.22,887872,0.45
Maharashtra,2019,Television,462486,2080.07,8689.19,1178495,0.37
Maharashtra,2018,Printer,374042,2227.19,8010.97,953570,0.28
Kerala,2020,Printer,341378,2640.07,12983.64,800348,0.52
Maharashtra,2019,Smartphone,271405,2673.9,12708.34,678975,0.6
Uttar Pradesh,2021,Refrigerator,515886,1616.19,14080.94,1292722,0.32
West Bengal,2018,Smartphone,334040,2042.08,4539.2,874736,0.42
Rajasthan,2023,Laptop,398162,2077.02,11160.62,1045922,0.56
Maharashtra,2020,Laptop,407822,1382.54,9925.28,1006120,0.59
Tamil Nadu,2019,Air Conditioner,482127,1173.14,9921.68,1285958,0.45
Karnataka,2022,Television,478375,2009.21,7595.51,1183650,0.46
Kerala,2020,Smartphone,275624,2343.92,13391.38,702563,0.52
Gujarat,2019,Monitor,374980,1713.05,14446.59,968851,0.24
Gujarat,2020,Monitor,383587,3145.03,6789.41,1006847,0.35
Rajasthan,2020,Smartphone,308167,651.97,12839.05,731269,0.28
Kerala,2018,Monitor,418839,2055.72,12215.82,1062763,0.21
Maharashtra,2023,Air Conditioner,477192,1995.37,7833.22,1189736,0.41
Delhi,2023,Printer,343158,516.18,7966.12,786709,0.21
Maharashtra,2019,Monitor,412353,2808.91,9728.76,1062570,0.54
Maharashtra,2018,Laptop,383221,1009.62,7503.92,966782,0.21
Kerala,2021,Refrigerator,539254,536.21,8824.61,1320608,0.57
Punjab,2021,Laptop,364934,2938.61,10093.71,927117,0.38
Rajasthan,2020,Monitor,351865,2356.91,11251.64,978793,0.43
Punjab,2023,Laptop,400188,1760.74,11371.9,1110608,0.37
Uttar Pradesh,2020,Laptop,405003,2924.49,12190.72,864484,0.44
Kerala,2018,Refrigerator,515836,1412.84,11501.25,1294689,0.24
Kerala,2021,Refrigerator,508262,2274.39,5854.86,1213338,0.24
Rajasthan,2020,Television,482911,2124.02,14798.28,1211281,0.32
Kerala,2023,Laptop,424629,2307.41,13801.69,1072591,0.38
Punjab,2020,Laptop,418972,2782.22,6599.5,1137539,0.28
Gujarat,2023,Printer,337239,2636.15,10208.91,883671,0.6
Maharashtra,2020,Refrigerator,498874,1118.58,14446.93,1125926,0.59
Tamil Nadu,2023,Television,454053,3190.87,11388.19,1124951,0.58
Gujarat,2021,Smartphone,315788,523.91,9405.02,807908,0.61
Gujarat,2021,Smartphone,290916,1428.11,6332.43,670874,0.34
Tamil Nadu,2019,Refrigerator,473733,2574.81,11863.04,1138163,0.6
Uttar Pradesh,2022,Air Conditioner,498662,654.01,10439.6,1184074,0.61
Delhi,2018,Air Conditioner,467667,3405.94,13714.18,1145625,0.24
Punjab,2019,Monitor,391078,1583.26,4064.5,1073620,0.3
Gujarat,2023,Printer,340442,811.47,14231.62,862518,0.59
Delhi,2022,Monitor,386869,1232.05,4357.53,897963,0.6
Delhi,2018,Printer,343907,2592.53,10564.9,928025,0.26
Tamil Nadu,2020,Air Conditioner,502905,1368.14,5992.55,1286402,0.57
Gujarat,2021,Smartphone,315317,1518.31,4346.95,733712,0.63
Kerala,2023,Smartphone,298572,1030.1,14762.03,718655,0.56
Delhi,2018,Refrigerator,515527,971.84,13867.22,1237689,0.28
Kerala,2018,Television,438237,2390.29,5917.22,1072627,0.23
West Bengal,2018,Monitor,327590,3166.21,14940.25,859019,0.39
Maharashtra,2019,Refrigerator,487189,1164.0,6492.12,1261272,0.54
Rajasthan,2020,Refrigerator,520124,781.68,9224.64,1341144,0.62
Rajasthan,2019,Smartphone,293863,895.41,12795.57,747304,0.39
Gujarat,2023,Television,465072,1501.41,10476.15,1251037,0.27
Karnataka,2018,Laptop,438804,3205.07,6001.85,1002647,0.26
Gujarat,2020,Laptop,415817,2543.5,4533.87,1030550,0.34
West Bengal,2021,Printer,347980,2354.67,14618.28,829595,0.26
Kerala,2019,Printer,339329,2941.71,13767.51,891616,0.53
Tamil Nadu,2022,Refrigerator,527762,1134.98,8492.61,1356627,0.48
Karnataka,2020,Laptop,420247,703.0,7027.55,1022454,0.5
Rajasthan,2023,Refrigerator,516645,3198.05,11869.99,1322100,0.54
Maharashtra,2018,Air Conditioner,489248,3429.32,13878.5,1253657,0.42
Kerala,2019,Monitor,391527,1891.19,12079.25,978118,0.37
Gujarat,2023,Monitor,395491,2552.0,10060.96,1039880,0.33
Delhi,2019,Monitor,377483,2183.18,11952.69,1022620,0.25
Tamil Nadu,2020,Laptop,428163,2583.05,10783.37,1112490,0.56
Gujarat,2023,Monitor,391780,903.99,4745.78,971839,0.61
Kerala,2020,Smartphone,296819,2162.11,10549.21,671991,0.22
Uttar Pradesh,2019,Monitor,379165,3411.09,9839.88,990027,0.6
Kerala,2021,Air Conditioner,478067,3486.69,8254.91,1110955,0.23
Gujarat,2018,Refrigerator,493199,2887.59,14581.25,1223148,0.42
West Bengal,2018,Laptop,382845,1072.11,9223.01,912662,0.33
Karnataka,2022,Television,485846,3013.94,5708.38,1195474,0.33
Gujarat,2020,Refrigerator,468231,621.8,13623.46,1162027,0.47
West Bengal,2018,Air Conditioner,504206,2429.04,7142.7,1293646,0.55
Maharashtra,2022,Air Conditioner,494972,2307.15,7671.98,1257557,0.3
Karnataka,2018,Air Conditioner,463617,805.04,9869.05,1186651,0.43
West Bengal,2021,Laptop,426079,1883.37,9322.8,1066958,0.55
Rajasthan,2018,Air Conditioner,482445,2802.82,13909.59,1233539,0.59
Punjab,2021,Refrigerator,490278,1754.25,9509.05,1225404,0.57
Uttar Pradesh,2022,Air Conditioner,520614,1112.21,11355.18,1238060,0.53
Karnataka,2021,Printer,356291,2245.77,12084.32,938092,0.41
Gujarat,2022,Laptop,376317,1084.66,6287.89,898098,0.64
Karnataka,2022,Printer,324431,3332.08,12642.85,814752,0.51
Kerala,2023,Refrigerator,483111,1203.22,14135.29,1269846,0.46
Punjab,2019,Printer,374048,3042.03,13957.23,924426,0.35
Maharashtra,2019,Air Conditioner,498053,3341.21,5283.82,1132320,0.54
Maharashtra,2023,Printer,344267,976.73,7845.56,858186,0.4
Maharashtra,2023,Monitor,385488,3186.17,12215.53,1037397,0.48
Delhi,2018,Television,464016,941.13,9835.85,1169495,0.64
Punjab,2023,Television,437234,1001.03,8688.14,1101390,0.23
Tamil Nadu,2023,Air Conditioner,438617,3254.8,8370.75,1088800,0.37
Maharashtra,2021,Air Conditioner,455935,1685.93,6432.26,1164161,0.21
West Bengal,2020,Laptop,389036,2028.76,4727.18,1002435,0.46
Kerala,2018,Smartphone,252777,1611.73,8419.68,637167,0.31
Karnataka,2023,Television,429705,2404.58,13631.67,1185625,0.25
West Bengal,2018,Printer,374835,691.35,5412.63,938168,0.46
Rajasthan,2020,Monitor,406541,3008.68,14550.0,946616,0.36
West Bengal,2021,Monitor,347095,3078.51,4954.95,732129,0.48
Kerala,2021,Monitor,384722,851.04,7555.18,997704,0.61
Tamil Nadu,2019,Monitor,370065,1470.75,6704.49,953885,0.62
Tamil Nadu,2019,Air Conditioner,473917,1750.39,9476.8,1198631,0.42
Delhi,2023,Television,437301,2671.44,13099.34,1083409,0.52
Karnataka,2022,Refrigerator,494358,1511.28,10660.87,1296886,0.21
Maharashtra,2021,Television,440602,890.23,4968.46,1085561,0.41
Uttar Pradesh,2021,Laptop,426043,582.04,4968.02,1121384,0.57
Gujarat,2021,Smartphone,300524,2602.12,4858.24,728224,0.41
Delhi,2022,Television,448410,1935.81,13216.58,1155664,0.35
Maharashtra,2021,Printer,358029,3036.22,6494.02,1024155,0.44
Delhi,2018,Laptop,420712,2611.62,5661.93,1075965,0.39
Uttar Pradesh,2019,Printer,363635,929.59,7852.36,889242,0.59
Gujarat,2021,Smartphone,296674,1911.89,11291.34,762353,0.31
Tamil Nadu,2018,Television,457516,1813.75,5572.47,1092368,0.27
Rajasthan,2021,Air Conditioner,489086,2972.78,7982.87,1290696,0.31
Maharashtra,2019,Printer,353667,759.62,6652.76,778101,0.44
Rajasthan,2018,Smartphone,265144,2931.11,14208.31,785058,0.32
Rajasthan,2020,Printer,345936,2486.47,7469.21,801732,0.4
Gujarat,2018,Air Conditioner,495524,1970.47,6191.02,1211755,0.26
West Bengal,2021,Laptop,385867,2171.43,6410.93,969748,0.31
Punjab,2020,Television,414073,2576.76,13663.59,980252,0.26
Karnataka,2022,Printer,348889,566.82,6302.43,906454,0.31
Uttar Pradesh,2022,Laptop,391289,1591.67,4692.29,950443,0.58
Maharashtra,2020,Laptop,421236,979.57,7050.43,1063328,0.33
Tamil Nadu,2018,Television,479093,2873.67,8696.78,1137256,0.37
West Bengal,2022,Television,441855,3499.38,12153.14,1078944,0.22
Rajasthan,2021,Refrigerator,485178,1506.78,14956.5,1210327,0.4
Delhi,2019,Laptop,393386,996.7,13861.69,992551,0.4
Uttar Pradesh,2020,Printer,366772,2853.37,7234.75,887227,0.44
Rajasthan,2018,Smartphone,287765,768.43,8290.32,710658,0.38
Kerala,2023,Air Conditioner,498441,3304.14,8238.82,1210439,0.25
Delhi,2020,Television,447682,3440.19,4191.65,1104083,0.51
Rajasthan,2019,Television,421718,1557.12,13228.99,1078762,0.49
Tamil Nadu,2022,Monitor,387542,525.32,6112.63,908975,0.21
Kerala,2019,Television,474625,2206.23,13912.87,1207066,0.26
Gujarat,2019,Monitor,384617,3494.6,12000.2,1016610,0.25
Kerala,2019,Refrigerator,504157,1923.29,6754.42,1308430,0.32
Punjab,2018,Smartphone,295232,2935.18,5189.87,723516,0.48
Uttar Pradesh,2018,Refrigerator,492932,3420.75,9098.91,1226067,0.42
Tamil Nadu,2021,Monitor,371384,2188.8,9953.78,939408,0.33
Uttar Pradesh,2021,Laptop,419319,3179.4,11490.01,1017608,0.35
Kerala,2023,Refrigerator,509914,522.56,5954.07,1264883,0.58
Uttar Pradesh,2018,Printer,312870,1027.87,8564.19,650078,0.55
West Bengal,2021,Laptop,408239,1267.72,9682.44,1090352,0.6
Kerala,2019,Monitor,391258,2348.13,13129.67,991256,0.45
Gujarat,2022,Television,457421,930.9,7624.22,1154926,0.57
Gujarat,2018,Printer,335850,1585.22,8931.48,952834,0.21
Delhi,2020,Printer,350147,2505.56,7454.22,870828,0.3
Kerala,2021,Laptop,409689,2015.98,4631.22,1157809,0.29
Uttar Pradesh,2019,Laptop,395942,2641.49,12318.64,971606,0.44
Rajasthan,2022,Air Conditioner,484802,1140.67,9318.69,1239613,0.49
Kerala,2021,Printer,356131,2549.17,14293.53,870179,0.64
Gujarat,2019,Smartphone,328240,3177.58,9145.36,835087,0.26
Gujarat,2019,Printer,348151,1755.05,14509.82,852477,0.58
Karnataka,2023,Monitor,392332,2753.27,4916.58,1036603,0.55
Uttar Pradesh,2018,Printer,370821,3161.51,14012.31,943244,0.51
Kerala,2020,Smartphone,283134,2989.2,7342.84,744425,0.6
Uttar Pradesh,2019,Printer,347296,1689.81,11738.88,881271,0.49
Rajasthan,2020,Monitor,393040,1467.6,6024.64,992213,0.32
Delhi,2022,Air Conditioner,490756,2495.3,12112.8,1276342,0.45
Uttar Pradesh,2021,Monitor,373160,2637.65,13407.24,974461,0.3
Delhi,2018,Laptop,421871,958.07,11476.46,1161138,0.4
Delhi,2022,Printer,349698,1199.34,6429.25,965056,0.62
Tamil Nadu,2018,Television,481423,3404.65,9202.6,1240661,0.27
Punjab,2019,Refrigerator,506591,1005.88,9405.53,1286877,0.3
Gujarat,2019,Television,452077,2759.37,7451.78,1162668,0.44
Rajasthan,2023,Air Conditioner,479876,630.46,6329.32,1126132,0.26
Rajasthan,2023,Monitor,397241,2377.0,7839.35,1052004,0.57
Karnataka,2023,Refrigerator,478099,1507.14,7508.61,1167095,0.25
Karnataka,2019,Printer,358109,1196.87,5135.85,853109,0.28
Tamil Nadu,2022,Smartphone,291138,1434.1,9892.34,783965,0.25
Delhi,2022,Refrigerator,469900,3156.89,6866.68,1142477,0.46
Tamil Nadu,2023,Monitor,418124,1565.28,8553.01,1114883,0.64
Tamil Nadu,2019,Air Conditioner,494087,817.14,12535.38,1212669,0.59
Uttar Pradesh,2021,Refrigerator,505959,2356.36,11533.14,1215455,0.28
Punjab,2020,Smartphone,301916,2951.19,13880.15,768187,0.52
Karnataka,2019,Smartphone,273558,2534.88,13383.86,613062,0.24
Kerala,2022,Monitor,377433,1840.26,10381.27,924174,0.54
Tamil Nadu,2023,Laptop,412385,1203.6,4170.61,1018803,0.5
Maharashtra,2021,Television,446119,2181.69,14634.76,1162963,0.45
Punjab,2023,Smartphone,335826,1684.29,9185.99,777470,0.34
Tamil Nadu,2023,Printer,382823,3064.23,6954.78,1025601,0.23
Karnataka,2019,Laptop,421206,544.98,9525.89,1067235,0.64
Kerala,2023,Laptop,408696,1076.41,5705.98,1025298,0.24
Rajasthan,2021,Laptop,369994,3494.89,9841.27,923552,0.56
Tamil Nadu,2020,Air Conditioner,433888,2877.34,7927.4,1065358,0.21
Rajasthan,2018,Refrigerator,496993,513.81,9117.65,1223815,0.61
Uttar Pradesh,2021,Television,424956,2752.91,5129.51,1064822,0.43
Delhi,2021,Refrigerator,462836,819.36,4213.04,1154774,0.37
Kerala,2020,Smartphone,301716,2611.42,8226.42,850786,0.4
Gujarat,2022,Refrigerator,508273,949.76,5959.74,1255288,0.24
Rajasthan,2021,Monitor,363420,2739.58,9395.86,914511,0.29
Uttar Pradesh,2023,Smartphone,298960,2185.19,8158.1,781490,0.43
Delhi,2020,Refrigerator,514011,2288.82,6538.5,1385995,0.2
West Bengal,2021,Television,425948,2190.47,12227.66,1011273,0.24
Gujarat,2023,Laptop,423668,549.3,5123.59,1152033,0.44
Tamil Nadu,2018,Monitor,357738,785.49,11970.97,950378,0.34
Tamil Nadu,2023,Smartphone,282337,2802.93,13652.26,647258,0.52
Maharashtra,2018,Television,459781,3492.75,10157.01,1181782,0.52
Maharashtra,2023,Laptop,372493,3209.62,8418.5,892597,0.5
Tamil Nadu,2021,Television,440912,2947.16,12351.17,1136329,0.21
Gujarat,2020,Monitor,413195,1397.53,9169.65,942461,0.47
Tamil Nadu,2019,Air Conditioner,494369,1395.2,13283.75,1232042,0.58
West Bengal,2023,Smartphone,301347,2286.46,10397.32,709284,0.36
Kerala,2022,Laptop,382116,2820.83,10453.35,918343,0.28
Maharashtra,2023,Refrigerator,477806,1794.14,12445.77,1117100,0.32
Gujarat,2023,Printer,367495,2515.96,9748.66,909481,0.34
Gujarat,2018,Monitor,366059,725.01,7124.44,905241,0.21
Tamil Nadu,2021,Refrigerator,513590,2563.06,12763.12,1354785,0.33
Rajasthan,2023,Printer,370885,1322.8,7940.03,890112,0.64
Gujarat,2023,Monitor,393060,693.76,10375.47,1024555,0.51
Karnataka,2019,Printer,354323,1265.7,4163.77,829301,0.5
Maharashtra,2019,Smartphone,295363,3152.6,7457.1,731342,0.51
Punjab,2018,Television,443320,2429.91,9753.78,1088441,0.34
Maharashtra,2020,Refrigerator,524580,2123.47,13041.79,1284982,0.62
Tamil Nadu,2019,Refrigerator,538606,2545.03,9503.35,1332114,0.37
Punjab,2020,Smartphone,364576,1186.18,5047.8,883122,0.31
Kerala,2023,Laptop,409974,2809.72,9670.55,1057228,0.56
Punjab,2022,Television,469023,3015.52,9315.31,1148979,0.49
Uttar Pradesh,2019,Television,434789,2522.11,8761.9,1080109,0.37
Punjab,2023,Television,414654,3103.31,8193.23,1007838,0.4
Kerala,2021,Refrigerator,539817,1397.36,13468.72,1337435,0.64
Punjab,2018,Printer,372594,3245.66,13766.35,890065,0.43
Kerala,2019,Television,439109,1710.12,7345.87,1158174,0.29
Uttar Pradesh,2021,Laptop,399618,728.7,10755.52,975364,0.44
Rajasthan,2023,Laptop,367994,1582.73,7632.81,839482,0.28
Delhi,2023,Printer,356291,799.9,5596.59,890426,0.63
Karnataka,2020,Printer,350362,1712.73,5375.54,1006153,0.3
Uttar Pradesh,2023,Laptop,408930,1434.87,9573.33,1059188,0.62
Delhi,2021,Monitor,377635,1931.27,7946.48,953747,0.61
Karnataka,2018,Refrigerator,512296,2201.38,10052.21,1275875,0.26
Delhi,2022,Monitor,401607,2952.35,6864.5,1031567,0.42
Kerala,2022,Monitor,386427,1475.06,13307.87,974029,0.6
Karnataka,2021,Laptop,377544,3122.85,6612.63,955455,0.65
Gujarat,2023,Monitor,350551,2602.63,5291.97,915103,0.28
Tamil Nadu,2018,Laptop,396333,1207.2,12868.14,1087351,0.24
Kerala,2023,Monitor,398044,1816.92,5994.71,968423,0.49
West Bengal,2023,Air Conditioner,500882,2259.0,4091.63,1330123,0.23
Gujarat,2020,Refrigerator,504202,826.88,7147.85,1225218,0.56
Rajasthan,2020,Smartphone,291301,2977.24,5827.97,709072,0.57
Delhi,2023,Smartphone,293999,3263.47,9910.32,662167,0.28
Karnataka,2023,Refrigerator,504755,955.05,5011.71,1216186,0.27
Rajasthan,2018,Monitor,384565,3366.28,9363.14,988319,0.31
Gujarat,2019,Printer,321987,1982.19,13752.56,756107,0.53
Uttar Pradesh,2019,Monitor,344437,2315.0,4114.62,927234,0.53
Delhi,2020,Refrigerator,548729,1934.68,6347.44,1326444,0.22
Maharashtra,2021,Smartphone,292382,1795.18,5618.35,748388,0.33
Tamil Nadu,2021,Air Conditioner,469524,3215.75,14192.84,1161711,0.47
Rajasthan,2020,Smartphone,333091,834.32,5113.95,795698,0.47
Maharashtra,2019,Monitor,375418,1212.57,13418.24,923455,0.65
West Bengal,2022,Smartphone,317811,2433.46,13518.95,702208,0.59
Karnataka,2020,Smartphone,320420,3116.75,7448.21,855099,0.63
Rajasthan,2019,Monitor,382581,2718.44,9991.64,1004689,0.65
Maharashtra,2023,Laptop,412639,1128.16,10112.0,996695,0.51
West Bengal,2019,Monitor,375513,957.55,7905.84,954515,0.52
Maharashtra,2018,Monitor,355403,1669.96,6118.09,817804,0.51
West Bengal,2021,Air Conditioner,468950,506.9,8758.24,1165383,0.45
Kerala,2020,Television,447577,2183.11,9559.07,1067771,0.32
Gujarat,2021,Laptop,398555,1328.51,6856.71,948754,0.25
Punjab,2018,Refrigerator,510246,745.96,8354.61,1371355,0.35
Delhi,2023,Air Conditioner,487718,1716.56,6953.48,1193028,0.61
Rajasthan,2019,Smartphone,318295,3485.19,12522.69,811915,0.39
Rajasthan,2022,Monitor,375896,2513.47,9564.71,906121,0.6
Gujarat,2021,Monitor,400691,1685.19,11661.25,990773,0.48
Tamil Nadu,2020,Television,469909,2134.27,6433.42,1227566,0.57
Punjab,2019,Monitor,372906,2234.6,5703.72,907752,0.45
Maharashtra,2022,Air Conditioner,447557,2713.91,13865.5,1055683,0.33
Maharashtra,2022,Air Conditioner,508822,1011.98,4469.31,1213565,0.39
Maharashtra,2019,Smartphone,299821,998.6,12051.71,794551,0.32
Gujarat,2020,Air Conditioner,452539,1872.65,10711.56,1052608,0.27
Delhi,2020,Smartphone,347659,1580.36,12642.76,927433,0.42
Delhi,2018,Laptop,396134,3314.9,13114.56,925865,0.29
Karnataka,2018,Printer,350096,1806.39,4288.77,815579,0.59
Kerala,2022,Air Conditioner,519885,3297.86,11288.03,1286572,0.39
Karnataka,2022,Laptop,385706,1911.82,7778.2,1077191,0.48
Kerala,2023,Refrigerator,497691,1025.86,6369.59,1280482,0.51
Rajasthan,2022,Air Conditioner,484441,3190.96,5148.49,1160600,0.33
Tamil Nadu,2019,Refrigerator,490019,2871.98,4419.34,1199944,0.49
Maharashtra,2019,Monitor,372553,534.94,14916.82,982118,0.58
Tamil Nadu,2021,Smartphone,334983,791.44,10584.62,826014,0.57
Kerala,2021,Air Conditioner,531869,1675.77,9453.49,1376199,0.43
Rajasthan,2022,Monitor,410195,1774.01,4362.87,996741,0.54
Gujarat,2023,Monitor,385369,2208.18,5749.11,926733,0.48
Tamil Nadu,2019,Laptop,397441,910.26,10336.4,1054244,0.33
Maharashtra,2022,Air Conditioner,460402,1569.37,6025.72,1133331,0.59
Tamil Nadu,2022,Monitor,383971,2370.12,8791.04,958466,0.49
Maharashtra,2022,Refrigerator,509375,2951.53,6997.67,1262580,0.41
Maharashtra,2018,Smartphone,294275,1662.71,8494.31,708502,0.24
Karnataka,2022,Air Conditioner,485588,2256.57,5819.68,1164561,0.21
Karnataka,2020,Monitor,418394,1326.01,10860.87,1071608,0.38
Rajasthan,2020,Laptop,408184,1848.92,7711.28,933529,0.65
Gujarat,2020,Smartphone,316469,2473.23,14180.63,707108,0.58
Delhi,2022,Air Conditioner,489023,643.72,6223.01,1243346,0.2
Kerala,2022,Smartphone,352107,3047.33,13634.14,846404,0.3
West Bengal,2020,Monitor,418544,2210.24,8320.19,1119734,0.64
Gujarat,2023,Monitor,382429,706.88,4567.89,937664,0.37
Gujarat,2023,Television,431403,3459.94,7445.24,1037970,0.42
West Bengal,2023,Smartphone,260126,1659.29,12651.99,657909,0.42
Kerala,2020,Laptop,395380,683.04,13257.89,989302,0.59
Uttar Pradesh,2019,Refrigerator,510829,3467.55,14794.26,1245599,0.61
Karnataka,2023,Television,444697,3301.34,10303.93,1113218,0.46
Gujarat,2023,Television,454924,1776.83,11570.3,1130393,0.59
Kerala,2020,Monitor,382163,2444.8,5183.72,1024183,0.31
West Bengal,2019,Smartphone,312049,2304.82,14131.98,713588,0.63
Kerala,2021,Smartphone,295255,1761.44,5169.2,668496,0.54
Rajasthan,2018,Printer,351470,2911.42,4996.64,858122,0.38
Gujarat,2018,Monitor,386508,1172.91,8779.34,927981,0.41
Kerala,2020,Refrigerator,524817,2875.43,8067.35,1295244,0.53
West Bengal,2022,Air Conditioner,501196,2460.64,9664.54,1312227,0.35
Rajasthan,2022,Printer,348785,837.45,13903.26,850195,0.38
Rajasthan,2022,Printer,365398,2648.45,12161.76,1042319,0.33
Kerala,2023,Smartphone,326701,2334.82,4136.85,857313,0.44
Gujarat,2023,Printer,365115,1246.49,14700.6,857175,0.42
Tamil Nadu,2022,Printer,327401,2026.68,12639.48,803476,0.22
Karnataka,2023,Monitor,410564,2625.58,5606.46,1011950,0.25
Punjab,2021,Printer,350534,2214.27,10586.11,917869,0.29
Delhi,2020,Printer,380494,1230.38,11776.1,911609,0.48
Maharashtra,2020,Smartphone,312097,2454.32,13064.02,834660,0.61
Kerala,2019,Refrigerator,499602,2621.69,5288.68,1290033,0.45
West Bengal,2019,Air Conditioner,478907,2249.27,10133.03,1180431,0.57
Karnataka,2019,Smartphone,261364,2930.55,10542.43,641097,0.28
Delhi,2020,Printer,372807,2815.33,10518.7,899342,0.59
Delhi,2020,Refrigerator,489575,1339.6,8454.33,1130861,0.22
West Bengal,2019,Smartphone,309617,3094.65,7189.11,791390,0.48
Gujarat,2019,Television,445143,1790.18,13379.54,1111457,0.43
Punjab,2022,Air Conditioner,483048,3432.97,10885.54,1227825,0.21
Kerala,2019,Laptop,403354,3451.2,14997.52,1073059,0.3
Delhi,2019,Air Conditioner,496350,562.8,6848.53,1302632,0.59
Uttar Pradesh,2022,Smartphone,310312,1054.97,4927.51,745051,0.62
West Bengal,2020,Television,457408,746.98,10519.32,1150351,0.47
Tamil Nadu,2019,Smartphone,309420,1997.66,10033.77,736008,0.31
Uttar Pradesh,2022,Monitor,393855,2313.93,10257.41,993174,0.59
Maharashtra,2022,Smartphone,321729,1004.69,14925.56,759609,0.62
Tamil Nadu,2021,Laptop,407756,3295.66,10839.17,943672,0.43
Maharashtra,2018,Monitor,367963,3253.49,11514.35,872009,0.3
Rajasthan,2021,Laptop,431115,3278.47,6718.0,1089483,0.42
Punjab,2018,Television,463127,2913.87,5043.78,1156452,0.4
Kerala,2019,Printer,376836,2319.34,4169.26,987763,0.63
Maharashtra,2020,Monitor,382209,1908.71,11982.74,896961,0.47
Maharashtra,2018,Monitor,415628,2338.33,10133.56,1069263,0.49
Gujarat,2019,Air Conditioner,455539,3023.32,13665.54,1060604,0.27
Tamil Nadu,2019,Air Conditioner,458579,2323.1,7602.22,1085249,0.44
Tamil Nadu,2018,Refrigerator,506129,2476.39,4525.99,1153967,0.59
Punjab,2019,Smartphone,302740,1362.61,6076.53,775190,0.4
Punjab,2019,Printer,338273,2113.73,4531.06,874765,0.35
Maharashtra,2021,Monitor,385088,1472.15,14640.04,979117,0.52
Gujarat,2023,Television,414567,606.13,13073.82,1089185,0.24
Delhi,2021,Laptop,366286,1742.52,10002.48,970793,0.4
West Bengal,2021,Television,442554,2399.71,6240.36,1115266,0.24
Delhi,2023,Air Conditioner,467788,1902.71,14023.61,1186260,0.41
Tamil Nadu,2018,Printer,381490,1468.47,6123.38,1021438,0.59
West Bengal,2019,Refrigerator,486589,1893.53,7863.34,1196944,0.57
West Bengal,2023,Printer,344267,1941.2,13620.26,876239,0.26
Punjab,2020,Air Conditioner,501303,2616.4,6873.77,1176099,0.62
West Bengal,2022,Laptop,372767,1832.08,11695.08,900957,0.46
Karnataka,2020,Refrigerator,538414,3196.68,8767.69,1369416,0.49
Rajasthan,2022,Air Conditioner,479319,2146.02,13000.53,1220803,0.48
Maharashtra,2019,Printer,338639,602.63,7673.37,753651,0.42
Punjab,2018,Refrigerator,504364,1602.86,8141.25,1278493,0.49
Uttar Pradesh,2023,Monitor,368329,1208.25,13278.97,973704,0.41
Punjab,2021,Television,439603,779.8,7167.67,1125106,0.49
Punjab,2021,Air Conditioner,463112,1498.47,7389.09,1161349,0.32
Tamil Nadu,2021,Air Conditioner,462172,707.22,11493.76,1222779,0.42
Gujarat,2020,Smartphone,281962,867.82,13525.78,694670,0.47
Punjab,2020,Television,464673,3113.57,8833.3,1119289,0.54
Delhi,2019,Television,442883,762.02,8650.02,1149669,0.46
Maharashtra,2021,Television,445706,2558.02,6636.82,1106900,0.22
Uttar Pradesh,2023,Monitor,396504,1633.08,13636.99,1010061,0.26
Rajasthan,2023,Laptop,415375,3236.47,13313.42,990188,0.43
Tamil Nadu,2023,Laptop,392863,1153.59,5793.75,989300,0.38
West Bengal,2018,Printer,359395,876.88,13660.69,965064,0.22
Punjab,2022,Refrigerator,507011,2955.47,12538.5,1275968,0.5
Tamil Nadu,2019,Printer,371356,505.19,8015.3,879255,0.31
Kerala,2019,Smartphone,267775,1277.05,6338.65,667861,0.36
Delhi,2022,Refrigerator,496504,1317.48,8767.12,1302094,0.27
Punjab,2020,Laptop,391340,1034.88,13994.48,898461,0.57
Uttar Pradesh,2022,Smartphone,299938,2707.15,5063.78,690187,0.53
Kerala,2021,Air Conditioner,477059,1262.75,11051.05,1165888,0.64
Uttar Pradesh,2019,Television,456344,1077.52,4511.6,1125622,0.52
Rajasthan,2018,Monitor,409805,1496.4,11825.18,926334,0.28
Tamil Nadu,2021,Air Conditioner,490804,846.05,13401.49,1139365,0.43
West Bengal,2023,Laptop,398518,1694.03,10479.22,1027635,0.37
Kerala,2023,Printer,346334,2593.76,9361.94,915772,0.55
Punjab,2018,Air Conditioner,505587,2548.07,7992.83,1271715,0.39
Kerala,2021,Printer,372785,1120.56,14949.8,971093,0.4
Kerala,2019,Printer,349903,835.36,13572.01,854292,0.24
Uttar Pradesh,2019,Television,439567,2622.32,5127.87,1097169,0.56
Punjab,2018,Television,465861,1254.76,14299.75,1156588,0.27
Tamil Nadu,2019,Monitor,407390,999.5,6956.39,958123,0.2
Gujarat,2021,Printer,329089,1212.72,8198.7,804395,0.58
Rajasthan,2023,Television,446676,2217.49,5128.55,1118096,0.37
Maharashtra,2021,Air Conditioner,465212,2330.91,13247.02,1133623,0.2
Punjab,2019,Smartphone,278405,2736.7,6997.57,684972,0.26
Rajasthan,2018,Air Conditioner,453969,2484.48,4039.33,1163250,0.59
Kerala,2018,Printer,316144,2551.52,10055.49,892548,0.24
Punjab,2020,Air Conditioner,475819,1099.85,10885.14,1233545,0.31
Uttar Pradesh,2020,Smartphone,285029,1245.25,8590.78,695135,0.63
Rajasthan,2022,Laptop,416981,2270.49,5601.8,1022223,0.35
Tamil Nadu,2022,Television,457889,2808.65,8149.81,1138294,0.44
Gujarat,2022,Printer,370304,1637.52,5133.16,975702,0.64
Gujarat,2021,Monitor,387138,3181.33,4504.27,1021724,0.21
Delhi,2022,Laptop,415305,1817.89,8707.02,1081577,0.54
West Bengal,2019,Refrigerator,481507,2332.2,7248.6,1232114,0.33
Rajasthan,2020,Laptop,378136,1831.12,11579.94,889253,0.33
Karnataka,2018,Television,435535,2588.82,6121.11,1037235,0.62
Maharashtra,2023,Laptop,364491,3029.08,7841.6,847366,0.38
Uttar Pradesh,2022,Monitor,400108,691.02,12050.36,980702,0.47
Karnataka,2023,Laptop,406771,3212.78,6321.35,1033389,0.42
Delhi,2019,Smartphone,287474,2363.06,8310.56,673273,0.31
West Bengal,2022,Air Conditioner,509506,1882.17,4128.54,1246765,0.26
Karnataka,2021,Printer,380382,3294.42,9233.88,909404,0.23
Rajasthan,2019,Television,428634,873.33,10898.97,1002038,0.6
Punjab,2018,Television,462770,3468.59,6000.55,1192997,0.42
Karnataka,2021,Air Conditioner,493535,3461.1,6790.23,1271306,0.32
Karnataka,2020,Printer,389965,1729.57,8832.04,958335,0.21
Uttar Pradesh,2023,Laptop,427887,1596.02,6499.42,1057526,0.38
Kerala,2022,Printer,338498,1365.94,7325.29,892206,0.45
Punjab,2020,Television,425581,1595.13,14036.82,1194178,0.24
Tamil Nadu,2018,Television,448843,1304.01,11186.28,1084280,0.56
Karnataka,2019,Laptop,411363,763.47,9551.07,1148714,0.32
Karnataka,2022,Refrigerator,486467,1510.44,8010.62,1127607,0.28
Punjab,2023,Refrigerator,476207,864.75,9540.96,1118446,0.31
Gujarat,2022,Smartphone,303303,728.96,10733.18,726670,0.47
Tamil Nadu,2023,Laptop,412142,2384.04,8519.33,951361,0.48
Gujarat,2019,Air Conditioner,511657,3211.69,6111.13,1200671,0.49
Kerala,2022,Monitor,392397,2432.09,11916.31,1024797,0.53
Uttar Pradesh,2019,Laptop,417745,936.57,13464.14,978704,0.27
Karnataka,2022,Smartphone,296102,2299.77,9774.8,773662,0.53
Uttar Pradesh,2019,Monitor,373486,1724.42,11666.25,940583,0.5
Rajasthan,2021,Laptop,412896,3304.0,7689.64,1032125,0.26
Maharashtra,2022,Smartphone,322858,527.97,13344.1,833646,0.26
Delhi,2023,Printer,361448,1949.34,7680.03,1001827,0.4
Rajasthan,2023,Laptop,418559,1041.24,4735.23,1086399,0.38
Kerala,2018,Refrigerator,528437,773.45,7941.49,1306399,0.46
Delhi,2019,Monitor,396279,3061.34,6570.15,889504,0.23
West Bengal,2023,Air Conditioner,502849,2676.41,7988.14,1239644,0.23
Punjab,2018,Refrigerator,485699,679.57,7181.55,1146082,0.64
Uttar Pradesh,2023,Television,448848,3087.16,7789.43,1125538,0.46
Tamil Nadu,2022,Television,449460,900.99,9656.74,1127082,0.22
Gujarat,2021,Air Conditioner,511872,3028.39,13426.42,1172089,0.25
West Bengal,2019,Refrigerator,500486,2789.66,6248.83,1311348,0.41
Punjab,2019,Television,454002,1729.18,5153.77,1130626,0.43
Delhi,2020,Printer,382680,1627.31,14125.99,965016,0.65
Punjab,2020,Smartphone,303395,1523.56,10404.66,741745,0.31
